uid,claim,supporting_facts,label,num_hops,hpqa_id
80ca66bd-2535-4ec3-8421-ad9dcbebf06d,Skagen Painter Peder Severin Krøyer favored naturalism along with Theodor Esbern Philipsen and Kristian Zahrtmann.,Kristian Zahrtmann,SUPPORTED,2,5ab7a86d5542995dae37e986
1632da2c-c6ca-4d12-9545-6469f24ea3a2,"Red, White & Crüe and Mike Tyson both died.","Red, White &amp; Crüe",NOT_SUPPORTED,2,5a7d2ddb554299452d57bb48
e1e9cda2-49a1-4117-a5a7-974563c58676,"Red, White & Crüe and Mike Tyson both fight.","Red, White &amp; Crüe",SUPPORTED,2,5a7d2ddb554299452d57bb48
ef4c721f-0a92-4739-9e74-b5c7dba711a4,WWE Super Tuesday took place at an arena that currently goes by the name TD Garden.,WWE Super Tuesday,SUPPORTED,2,5a7c6fde55429907fabeef87
8a3d7423-9b02-4f94-9d03-733a244c40a3,Kait Parker fills in occasionally for the meteorologist who replaced Ginger Zee.,Kait Parker,SUPPORTED,2,5a774e415542994aec3b7280
7c55bf49-1230-4df0-aa9e-08e23fb4a892,An IndyCar race driver drove a Formula 1 car designed by Peter McCool during the 2007 Formula One season.,Super Aguri SA07,SUPPORTED,2,5abd04bd5542992ac4f381a9
642ef759-aec2-4cec-97cc-7ecdc104dfca,Mark O'Connor is an Amercian bluegrass singer who performed the song Restless with The New Nashville Cats.,Restless (Carl Perkins song),SUPPORTED,2,5a769b115542993569682c51
de03ff7c-eedb-49d0-96d7-ae2622174f08,"The 2011 population of the unitary authority area that includes the village Eastoft was 167,446.",Eastoft,SUPPORTED,2,5a7db8d95542995ed0d16665
25d4468b-735d-4021-9088-321721187dab,"Love Drunk was the lead single from Boys Like Girls album on which frontman, Martin Johnson co-wrote a song with Taylor Swift.",Love Drunk,SUPPORTED,2,5a74122f55429929fddd83da
ef1b06ba-30a9-455e-a712-9a4840916e75,"Beatrice Willard served as an economics advisor to President Richard Milhous Nixon, a former Senator from California.",Beatrice Willard,NOT_SUPPORTED,2,5adbe1075542994650320c0b
df25a3b5-7a4e-4194-b2de-06b3cbc5a7d4,"Beatrice Willard served as an advisor to President Richard Milhous Nixon, a former Senator from California.",Beatrice Willard,SUPPORTED,2,5adbe1075542994650320c0b
16048bb3-48b9-4c47-bab7-da5769c8c572,"Beatrice Willard served as an aide to President Richard Milhous Nixon, a former Senator from California.",Beatrice Willard,NOT_SUPPORTED,2,5adbe1075542994650320c0b
82f5d817-104c-4bf6-ad14-a6a1cc3f3ece,The MV Bessel ran aground at the second largest island in the Mediterranean in 1972.,MV Bessel,SUPPORTED,2,5a8cd51a55429941ae14df02
c0f93bd4-5b4d-4a4d-a751-c235e7307e5c,The MV Bessel ran aground at the second largest island in the Mediterranean in summer of 1972.,MV Bessel,NOT_SUPPORTED,2,5a8cd51a55429941ae14df02
0d5f5c7d-88f2-40fe-a62e-cab7b8ca8d0b,"The American film, television and theater actress who was a star in the film the Matchmaker and also received the 40th AFI Life Achievement Award was born April 24, 1934.",The Matchmaker (1958 film),SUPPORTED,2,5abc3f505542993a06baf8b2
b84accac-576f-4b13-ac44-7387c27debeb,JSOC was created on the recommendation of a colonel who served in the Malayan Emergency and Vietnam War.,Joint Special Operations Command,SUPPORTED,2,5abae1e65542996cc5e49ed2
f806d594-ac5c-4e7a-870d-234535f0a928,"The American cable and satellite television channel that April ""Ape"" Margera appears upon is owned by Viacom Media Networks.",April Margera,SUPPORTED,2,5adf34955542993a75d26423
a96a2b44-09d3-4d6e-9f5e-1a2b82aa01bf,Substorm was described in qualitative terms by a scientist nominated for Nobel Prize seven times.,Substorm,SUPPORTED,2,5ab864945542990e739ec8e1
e46bbfa9-987d-4dbb-832a-dec9c9967a49,"""HMS ""Sussex"" was an 80-gun third-rate ship, of the line of the English Royal Navy, for the Kingdom of England on the island of Great Britain from the 10th century—when it emerged from various Anglo-Saxon kingdoms—until 1707, when it united with Scotland to form the Kingdom of Great Britain.",HMS Sussex (1693),SUPPORTED,2,5ab9fe8755429901930fa767
2f7aa88a-0c79-45f4-817d-b4b88261d216,"""HMS ""Sussex"" was an 80-gun third-rate ship, of the line of the English Royal Navy, for the Kingdom of England on the island of Great Britain from the 10th century—when it emerged from 16 Anglo-Saxon kingdoms—until 1707, when it united with Scotland to form the Kingdom of Great Britain.",HMS Sussex (1693),NOT_SUPPORTED,2,5ab9fe8755429901930fa767
ae54a521-f2fc-4745-8633-9b938037fd4b,"The man known as the voice of ""Elgar"" voices the English character in the Manga Love Hina inspired by Keitaro Arima.",Keitarō Urashima,SUPPORTED,2,5ac3dfee554299204fd21eab
562e09bb-1c14-4956-8f9c-6525d7496a9c,"Doggerland, an area that once connected Great Britain to continental Europe, is thought to have been submerged around 6,200 BCE by a massive landslide along 290 km of the continental shelf.",Doggerland,SUPPORTED,2,5abe369055429976d4830a8a
66e63594-163a-4dcb-9406-5e4f98ca0eb2,"Doggerland, an area that once connected Jutland to continental Europe, is thought to have been submerged around 6,200 BCE by a massive landslide along 290 km of the continental shelf.",Doggerland,NOT_SUPPORTED,2,5abe369055429976d4830a8a
c18fd4fe-4013-4875-998d-5ab41715d3a1,"Hermann Neubacher held a diplomatic post as an Albanian Nazi officer in the Albanian Kingdom, when it was under the control of the Kingdom of Italy.",Hermann Neubacher,NOT_SUPPORTED,2,5a777faf55429949eeb29e90
ddcfb80b-e271-4cd7-9f98-4a5ca5482967,"Hermann Neubacher held a diplomatic passport as an Austrian Nazi politician in the Albanian Kingdom, when it was under the control of the Kingdom of Italy.",Hermann Neubacher,NOT_SUPPORTED,2,5a777faf55429949eeb29e90
0982491f-a8be-4fa2-b45a-dbca2f6ae17b,"Hermann Neubacher held a diplomatic post as an Austrian Nazi politician in the Albanian Kingdom, when it was under the control of the Kingdom of Italy.",Hermann Neubacher,SUPPORTED,2,5a777faf55429949eeb29e90
992e5b4d-3d54-4b8d-87ea-1faf93a8bcb1,"Don Ashley Turlington graduated from Saint Joseph's College, a private Catholic liberal arts college in Standish.",Don Ashley Turlington,SUPPORTED,2,5adf0d2d5542993a75d263e1
e499796b-0fe1-4a8d-bb57-30625db2b992,"The previous Vice President of Production at the animation studio that is owned and operated by Viacom, currently works for Cartoon Network Studios.",Brian A. Miller,SUPPORTED,2,5a8297c055429954d2e2eb71
c3c53768-5750-4b57-95f9-8040a54fc8ea,The British monarch (Elizabeth II) is the head of state of the territory where the Ibrahim-al-Ibrahim Mosque is located.,Ibrahim-al-Ibrahim Mosque,SUPPORTED,2,5a88a35c554299206df2b316
356af093-a986-457b-8f1e-12b3a4e78f86,The name of the Dreyse needle gun's succesor was also called Fusil Mle 1886 M93.,Rotating bolt,SUPPORTED,2,5ae20e365542997283cd238b
84e38ae2-5015-47f2-ab44-59bd595ff8c7,In the 1990's business executive Petrie Dierman Kughn built one of the three mills landmarks in California in 1994.,Ontario Mills,NOT_SUPPORTED,2,5adbf5e255429947ff17386c
43734774-4eea-4974-8760-d6c3aee0773b,In the 1990's Petrie Dierman Kughn built one of the three mills landmarks in California in 1994.,Ontario Mills,SUPPORTED,2,5adbf5e255429947ff17386c
d2ae0dea-8486-415a-a029-9d6e9d64c53d,Jem Finer was a banjo player in the band The Pogues.,"Misty Morning, Albert Bridge",SUPPORTED,2,5abd27ba5542993062266ba7
7b1c5f38-b0c8-4356-bffa-143cc4176bcf,Mashorey is located in Afghanistan.,Mashorey,SUPPORTED,2,5a85bd665542994c784ddb72
e83fe6c2-d14b-4b30-a245-fa66e7c786e5,Mashorey is located in Paktika Province.,Mashorey,SUPPORTED,2,5a85bd665542994c784ddb72
91d7de7e-19c2-4db2-b1d7-dc1a21ee8451,Mashorey is located in southern Afghanistan.,Mashorey,SUPPORTED,2,5a85bd665542994c784ddb72
11b73596-e492-471e-a208-5a4365aa3ab1,"Mario Mazzacurati won the 1936 South African Grand Prix with the Bugatti, a type of two door car that was founded in 1909 in the then German city of Molsheim, Alsace.",Mario Mazzacurati,NOT_SUPPORTED,2,5a8c93a1554299653c1aa0c5
adb8672f-0d2e-45da-8c42-20f7f5c4e7bb,"Mario Mazzacurati won the 1936 South African Grand Prix with the Bugatti, a type of car that was founded in 1909 in the then German city of Molsheim, Alsace.",Mario Mazzacurati,SUPPORTED,2,5a8c93a1554299653c1aa0c5
11670eea-bbc5-412b-8bf6-e1966b743fbe,"Bambi, is based on a book by the Austrian author Felix Salten, The Country Bears is not.",Bambi,SUPPORTED,2,5abfed4c5542994516f4552b
115a1123-db02-4e93-9727-63e6ec22e34d,"Bambi, is based on a book by the American author Felix Salten, The Country Bears is not.",Bambi,NOT_SUPPORTED,2,5abfed4c5542994516f4552b
f68fce7f-80bf-4cdb-8ed8-96cb00e88362,"Bambi, is based on a book by the Austrian photographer Felix Salten, The Country Bears is not.",Bambi,NOT_SUPPORTED,2,5abfed4c5542994516f4552b
afe71f12-340c-4d2e-808c-07d541d8220d,In the 2004 Hockey film produced by a former major league baseball pitcher Kurt Russell played the USA coach.,Mark Ciardi,SUPPORTED,2,5a8347d65542996488c2e3f6
58888919-18ea-481a-ad64-011738579544,Gael and Fitness are not published in the same country.,Gael (magazine),SUPPORTED,2,5ab681ea55429953192ad2e0
b3ab6007-f2e8-4e27-a4ea-73c7b69b2fc5,Blackstar is the name of the album released by David Bowie that was recorded in secret.,Death of David Bowie,SUPPORTED,2,5ac24c475542996366519960
131cacf8-3bf9-440f-98c9-2b75c189d405,"Along with the New York Islanders and the New York Rangers, the New Jersey Devils NHL franchise is popular in the New York metropolitan area.",1974–75 New York Islanders season,SUPPORTED,2,5a820e8855429926c1cdae14
ca4dbf2c-7295-4e39-8085-2d990b270e0e,"Along with the New York Islanders and the New York Rangers, the New Jersey Devils NFL franchise is popular in the New York metropolitan area.",1974–75 New York Islanders season,NOT_SUPPORTED,2,5a820e8855429926c1cdae14
a152b7c4-4c78-4342-bcb8-2220a717ae35,Robert Earl Holding owned an oil company that was originally founded by Harry F. Sinclair.,Robert Holding,SUPPORTED,2,5ac39f7b554299218029dbe7
08e84a3c-b7be-4d3a-8ab8-783bb711c4c5,Philip Cortez and Julian Castro are democratic and not Republican.,Philip Cortez,SUPPORTED,2,5adf4da15542995534e8c780
1ecece55-903e-4870-9f58-c1078ed2d4a6,The nationality of the dancer who partnered Tom Chambers in the sixth season of Strictly Come Dancing is Danish.,Tom Chambers (actor),SUPPORTED,2,5abc9fb055429959677d6ac9
e95b3253-608a-4ac9-ad47-a5bf0dd48d01,The nationality of the dancer who represented Tom Chambers in the fifth season of Strictly Come Dancing is Danish.,Tom Chambers (actor),NOT_SUPPORTED,2,5abc9fb055429959677d6ac9
ad063212-345f-4e9d-970d-9342748b8d62,The nationality of the dancer who represented Tom Chambers in the sixth season of Strictly Come Dancing is Danish.,Tom Chambers (actor),SUPPORTED,2,5abc9fb055429959677d6ac9
51509c76-8486-45b8-9da9-cc40ff7712e8,The film The Book Thief was directed by Brian Percival is based on a book by Markus Zusak.,Brian Percival,SUPPORTED,2,5adddb7e5542997dc790705f
2359b568-c509-4e8e-a159-c9141c0618e9,"The president of South Korea was born 24 January 1953. The Presidential Council on Nation Branding, Korea lies under his direct control.","Presidential Council on Nation Branding, Korea",SUPPORTED,2,5adf07cd5542993a75d263da
6d02062b-947d-41c7-9754-d43ff366a9fa,Calochone and Adlumia are both plants.,Calochone,SUPPORTED,2,5ae060415542993d6555eb19
9de1d0d3-e054-4c03-8d19-7b4884c92c59,"SM Lifestyle Cities development, currently existing in Pasay, is currently being considered for malls such as one in M.A. Roxas Avenue in Clark Freeport, Angeles City in Pampanga Philippines.",SM Lifestyle City,SUPPORTED,2,5a722c2255429971e9dc932c
01f498b7-ae1b-4d0d-8edf-b1c179abcdd5,Tionne Watkins and Park So-yeon have both been members of a girl group.,Tionne Watkins,SUPPORTED,2,5abdbf3755429933744ab818
d3e0c0d4-c3f8-43df-b1d6-beb886a2884b,"The presidential campaign of Donald Trump brought out the term Vichy Republican on social media and was formally launched on June 16, 2015, at Trump Tower in New York City.",Vichy Republican,SUPPORTED,2,5ae5669755429960a22e02ec
8a4e2a68-e793-4222-9bd6-c180d6aff7d3,"Sir William James Ingram, 1st Baronet (27 October 1847 – 18 December 1924) was Managing Director of ""The Illustrated London News"", which appeared first on Saturday 14 May 1842, as the world's first illustrated weekly news magazine, and appeared weekly until 1971.","Sir William Ingram, 1st Baronet",SUPPORTED,2,5a8358eb554299123d8c20fa
d5ce9c8a-a64f-4424-b8a3-b225b0785f0c,"Sir William James Ingram, 1st Baronet (27 October 1847 – 18 December 1924) was Managing Director of ""The Illustrated London News"", which appeared first on Saturday 14 May 1842, as the world's first illustrated weekly news magazine, and appeared weekly until summer 1971.","Sir William Ingram, 1st Baronet",NOT_SUPPORTED,2,5a8358eb554299123d8c20fa
00d94562-3911-4317-bc2b-54521a91be07,"The band who released ""Hooligan's Holiday,"" retired in 2015.",Hooligan's Holiday,SUPPORTED,2,5a8dacf2554299068b959d91
b6e56c4d-e4e9-43eb-8736-c88781444b87,"The North Central town of Gainesville, Florida is home to the punk rock band Against Me!.",Don't Lose Touch,SUPPORTED,2,5ae7c5ef5542993210983f44
60e37d37-20cf-4f03-9619-42b9b669e1b4,"The album that contains the song ""Get Together"" by Madonna was mainly recorded in the home studio of Stuart Price.",Get Together (Madonna song),SUPPORTED,2,5a7f22005542993067513657
a1cd7f29-dec5-4732-8f14-6c514f92a1ae,Both Upper Crust Pizzeria and Eatza Pizza are restaurants.,Upper Crust Pizzeria,SUPPORTED,2,5ade15a45542997545bbbe46
21942771-1199-41f2-86b4-8f1cea6e94e0,Diana Ross lived at 211 Central Park West.,Diana Ross Playground,SUPPORTED,2,5a7b87095542995eb53be94c
d019fd03-dafa-4507-84da-55e67711d406,Rounders is the movie that John Gavin Malkovich had played in with Matt Damon and Edward Norton.,John Malkovich,SUPPORTED,2,5ac2a75755429967731025dc
a811e96d-67c8-4163-beba-cc5a2a46b2fe,"The black comedy sequel to ""Forgetting Sarah Marshall"" starred an Australian actress Rose Byrne.",Rose Byrne,SUPPORTED,2,5a8656ca554299211dda2afc
3e48dc0f-9b7a-452a-86e2-98428f333f57,"September 8, 2010 is the year exact date that the Linkin Park album with the song ""Wretches and Kings""was  released.",Wretches and Kings,SUPPORTED,2,5a8328895542993344745fd0
f9d5a8b8-522c-4b2a-aa16-3b215a50839d,The film Christopher Robin has more writers than the film Splash.,Splash (film),SUPPORTED,2,5a7f3361554299306751369a
10ac957e-9b87-4db0-aaa1-cd4db3b4459d,Peter Chelsom was the director of the 2001 American romantic comedy film written by Marc Klein in which Lucy Gordon had a small role.,Lucy Gordon (actress),SUPPORTED,2,5ac23b6f55429951e9e684b4
ac4d4a6d-80ae-49cf-a1c4-4836ae632ad9,Peter Chelsom was the director of the 2001 American romantic comedy film written by Marc Klein in which Lucy Gordon had a small role as an assassin.,Lucy Gordon (actress),NOT_SUPPORTED,2,5ac23b6f55429951e9e684b4
04565d5a-cdde-4f22-9e85-5ba2c3aacdb4,Camp Half-Blood Chronicles is the name of the first novel in the trilogy that precedes The Heroes of Olympus.,The Heroes of Olympus,NOT_SUPPORTED,2,5adfa2ef554299025d62a30f
4efdebde-a91d-4fb1-a2e6-96e687ceef73,Camp Half-Blood Chronicles is the name of the first novel in the series that precedes The Heroes of Olympus.,The Heroes of Olympus,NOT_SUPPORTED,2,5adfa2ef554299025d62a30f
92e48cea-a4b8-4223-b970-2d0b436a2168,Camp Half-Blood Chronicles is the name of the first book in the trilogy that precedes The Heroes of Olympus.,The Heroes of Olympus,NOT_SUPPORTED,2,5adfa2ef554299025d62a30f
4ff71c0c-a910-4b4e-a69b-c60022dbd974,Camp Half-Blood Chronicles is the name of the first book in the series that precedes The Heroes of Olympus.,The Heroes of Olympus,SUPPORTED,2,5adfa2ef554299025d62a30f
51335b8c-2611-4271-8308-044285104939,"The American lyricist Tom Jones,  born in 1928, co-authored the screenplay for the musical film The Fantastics.",The Fantasticks (film),NOT_SUPPORTED,2,5ae685d65542996d980e7bd8
f9d3865d-ee95-416d-91a6-100266ab10b4,"The American author Tom Jones,  born in 1928, co-authored the screenplay for the musical film The Fantastics.",The Fantasticks (film),NOT_SUPPORTED,2,5ae685d65542996d980e7bd8
47e89025-69f1-4526-bac3-afe3fbeddf0d,"The American lyricist Tom Jones,  born in 1928, co-wrote the screenplay for the musical film The Pajama Game.",The Fantasticks (film),NOT_SUPPORTED,2,5ae685d65542996d980e7bd8
97980b6d-ac91-4971-aebf-8f7da0824edf,"The American lyricist Tom Jones,  born in australia, co-wrote the screenplay for the musical film The Fantastics.",The Fantasticks (film),NOT_SUPPORTED,2,5ae685d65542996d980e7bd8
72c7b38b-95d2-4403-93f2-4818ae00bf31,"The American lyricist Tom Jones,  born in 1928, co-wrote the screenplay for the musical film The Fantastics.",The Fantasticks (film),SUPPORTED,2,5ae685d65542996d980e7bd8
c344a74a-32e7-4460-872f-ab0927019866,Both Corydalis and Cedrus are classified as genus in the naming system.,Corydalis,SUPPORTED,2,5aba5a4d5542994dbf0198ed
09828af9-74d3-4344-afbb-4e8cbfc91dac,Dacryopinax spathularia is included in the dish Buddha's delight that is also sometimes called Luóhàn cài.,Dacryopinax spathularia,SUPPORTED,2,5ab9ccef55429955dce3ed86
0a2298ff-ae5e-4330-ab6a-423a2380a539,Nicotiana nor Encyclia are genus of pine trees.,Nicotiana,SUPPORTED,2,5ab6b71d5542995eadef006c
1320f9fe-717c-4da9-b166-27c4c893d728,Unchained Memories was the documentary made before The Shame of a City.,The Shame of a City,SUPPORTED,2,5a76404b5542994ccc91873d
fb586022-0bdb-44c9-9928-78cb925e0af2,British company BBC was involved in recording the audiobook for the book known as The Golden Compass in North America.,Northern Lights Audio,SUPPORTED,2,5a80f793554299260e20a1e1
3071e9d1-63ee-4547-859d-b59bd6e68f1d,The actress who was killed off along with Sonny was a model and yoga teacher.,Sonny Valentine,SUPPORTED,2,5a8750945542996432c57264
7f9c9882-b43b-4aa1-a331-a75a0fe8e5d7,The English actor and film producer who also starred in an adaptation with Renee Zellweger was born in 1960.,Bridget Jones's Diary (film),SUPPORTED,2,5a8f20d655429924144829dc
71bf72c8-9a48-4e57-ae84-f50abfb3381b,Jeremy Brock is the writer and director of this 2011 drama that was adapted from him and Rosemary Sutcliff.,Jeremy Brock,SUPPORTED,2,5a8c585d554299653c1aa044
9c72fed4-e48c-4912-877f-2c6d1e171ed4,Mark's Pizzeria and Patxi's Chicago Pizza have the action founded in common.,Mark's Pizzeria,SUPPORTED,2,5ab98d70554299753720f82f
c75cb273-e40c-4898-bd61-6db8f43d151e,"Farmers' Alliance was the organized agrarian economic movement among American farmers that was supported by the weekly left-wing political newspaper, Appeal to Reason.",Appeal to Reason (newspaper),SUPPORTED,2,5ae290015542994d89d5b427
3c971429-71b3-4ba6-b810-b6b8596c1420,Dusty Dvoracek was the former nose tackle that announced ESPN College Football Friday Primetime in 2017.,ESPN College Football Friday Primetime,SUPPORTED,2,5a809b575542996402f6a59c
58768e56-fea0-449b-a5c3-338e367656fb,The football team that Aaron Galindo is currently a part of was founded in 1928 in New York state.,Aarón Galindo,NOT_SUPPORTED,2,5a7a791f55429941d65f2669
47c7db66-e8fb-4a4a-9050-1565a5279459,The football team that Aaron Galindo is currently a part of was founded in 1928.,Aarón Galindo,SUPPORTED,2,5a7a791f55429941d65f2669
27ddbf4c-e30c-445a-a52c-7090b1d76f6b,"The Guardians of the Galaxy, are a fictional spacefaring superhero team, appearing in American comic books published by Marvel Comics. Until it was discontinued due to low sales in 1983, it had an an initial roster, including fictional superhero, Groot, who first appeared in ""Tales to Astonish"" #13 (November 1960).",Guardians of the Galaxy (2008 team),NOT_SUPPORTED,2,5ab93881554299131ca422cc
11436842-ce10-456b-bc31-2a0c8698dea8,"The Guardians of the Galaxy, are a fictional spacefaring superhero team, appearing in American comic books published by Marvel Comics.  It has an an initial roster, including fictional superhero, Groot, who first appeared in ""Tales to Astonish"" #13 (November 1960).",Guardians of the Galaxy (2008 team),SUPPORTED,2,5ab93881554299131ca422cc
a3eb81b8-fc8e-4da6-b59f-b63b3910748a,Carlo Buccirosso had a role in a movie that premiered at Cannes Film Festival.,Carlo Buccirosso,SUPPORTED,2,5a75b7475542992d0ec05feb
7bb2671b-d239-4c6d-8953-313fe84dc61b,The 2018 Texas gubernatorial election will take place on the same day as the United States Senate election in Texas.,"Texas gubernatorial election, 2018",SUPPORTED,2,5a7663665542992d0ec060d3
fd49bd60-ab27-4e73-8f0c-a8b699a1ee52,Roissy Airport connects to Paris and cities in France as well as to Belgium.,Aéroport Charles de Gaulle 2 TGV,SUPPORTED,2,5ab6b13b554299710c8d1f3f
b60b5a18-a515-4eb5-b634-068707cd946d,Roissy Airport connects to Paris and cities in Brooklyn Park as well as to Belgium.,Aéroport Charles de Gaulle 2 TGV,NOT_SUPPORTED,2,5ab6b13b554299710c8d1f3f
4ef87712-81d9-4dee-8b97-d6a9bcc19289,"A large distribution center is for a company with over 13,000 stores and PetSmart, a dog toy manufacturer.","Bethel, Berks County, Pennsylvania",NOT_SUPPORTED,2,5a81bb6455429926c1cdad70
60ed569b-cf08-460f-b560-d3f987d0d955,"A large distribution center is for a company with over 13,000 stores and PetSmart.","Bethel, Berks County, Pennsylvania",SUPPORTED,2,5a81bb6455429926c1cdad70
0a861ddf-5b7d-4b79-b998-8ffe5634fc3a,Emory University was founded before Vanderbilt University.,Vanderbilt University,SUPPORTED,2,5ab32fc355429969a97a80fa
f90f5e6d-8fef-4fd4-a479-e66efa202e3f,"Barclay Henley was born in a city whose population at the 2010 census was 7,585.",Barclay Henley,SUPPORTED,2,5ac38c75554299741d48a28a
0ce91425-c284-47b7-979b-8fc67cf49419,Composer Franz Schreker was also a teacher but Philip Glass was not.,Philip Glass,SUPPORTED,2,5a7933b255429907847277eb
5512c136-c20a-4539-bb58-aef714849bdc,The alternate slang name for the World War I era grenade that the egg grenade was less awkward than to handle was the potato masher.,Model 17 grenade,SUPPORTED,2,5ac1725c5542994d76dcce2c
a8bcf7e2-431c-48a7-81a8-d8923b8b67f3,"The host of the American survival skills reality show, The Island, was originally from Northern Ireland.",The Island (U.S. TV series),SUPPORTED,2,5a7d1c525542995ed0d165f2
ddecf2b4-2196-4641-bcdc-78a38dc8bba7,"In the 2009 the Major League Soccer All-Star Game, American player Tim Howard, who played for Colorado Rapids, saved three kicks in the shootout.",2009 MLS All-Star Game,SUPPORTED,2,5a8304a055429966c78a6aec
ea9dc150-1133-4878-820d-319fe46da0bd,"In the 2009 the Major League Soccer All-Star Game, American player Tim Howard, who played for Philadelphia, saved three kicks in the shootout.",2009 MLS All-Star Game,NOT_SUPPORTED,2,5a8304a055429966c78a6aec
ddd3092e-e9ee-44bf-bdb6-6bf2be2e16dc,Édouard Roger-Vasselin won a Grand Slam doubles championship before Heather Watson.,Édouard Roger-Vasselin,SUPPORTED,2,5a7c1c755542990527d55457
074032b4-642e-43d2-b6b3-baac09bf3e2d,The current job of the former partner in ice skating of Vladimir Fedorov is currently works as a coach and choreographer.,Vladimir Fedorov,SUPPORTED,2,5adbd1d25542994650320bf6
3e2e613c-826f-4dc7-9931-76c528c86104,Gleanntáin Ghlas' Ghaoth Dobhair is a song that can be heard in pubs licensed to serve alcoholic drinks.,Gleanntáin Ghlas' Ghaoth Dobhair,SUPPORTED,2,5ae0818e55429924de1b70e9
9aef4978-460e-492d-ad4a-4721d3d03f5e,"The Seacoast Region is the region that includes the cities Dover and Portsmouth, New Hampshire.","Dover, New Hampshire",SUPPORTED,2,5abe67ae5542991f6610616b
69daafeb-4fae-4abb-9749-9096d2199e93,Sachem Central School District encompasses the CDPs that include the hamlet in the New York county of Suffolk.,Sachem School District,SUPPORTED,2,5ae20427554299234fd04397
e73f4991-cace-41af-a18a-24fa9fa86389,Australian Broadcasting Corporation airs the cartoon developed by Nicholas Boshier.,Nicholas Boshier,SUPPORTED,2,5ab3b37c554299753aec59b5
80dd9a8a-1a43-4dad-9d1e-2aa466e18d4b,"Arizona State Route 51 (SR 51) is named after a Native American woman belonging to the 
Hopi tribe.",Arizona State Route 51,SUPPORTED,2,5a7c04c85542996dd594b881
b70bb96a-6d0c-409d-a55d-534bcc5d47ef,"Arizona State Route 51 (SR 51) is named after a Native American woman belonging to the 
Native American tribe.",Arizona State Route 51,NOT_SUPPORTED,2,5a7c04c85542996dd594b881
186c2282-dff1-4c66-ac51-728f17b8dd2d,"The Silver Nugget is a casino and arena located in a major city that was incorporated on May 16, 1946.",Silver Nugget,NOT_SUPPORTED,2,5ae00b1955429942ec259c06
cd920b06-579f-4961-8055-28b6d8e896d1,"The Silver Nugget is a casino and arena located in a city that was incorporated on May 16, 1946.",Silver Nugget,SUPPORTED,2,5ae00b1955429942ec259c06
57108638-4e22-4c2a-8571-b1ce214deecb,Edith Louisa Cavell  was the woman whose execution for treason by German firing squad was the reason for Prussian Generalleutnant (Lieutenant General) Traugott von Sauberzweig's replacement as Military Governor of Brussels in 1915.,Traugott von Sauberzweig,SUPPORTED,2,5a734f4455429901807dafba
e20973f3-7661-4545-8c7d-bde825b03779,Additi Gupta is known for negative roles in the drama series that broadcasts on Indian country's Star Plus network.,Additi Gupta,SUPPORTED,2,5ae1d1995542997283cd226c
53333277-d497-4747-8665-630d258ae619,The Hôtel de Crillon is located on The Place de la Concorde in Paris.,Hôtel de Crillon,SUPPORTED,2,5a81f5f155429926c1cdadc6
4f518fd6-773d-4dcd-8143-59a0e0661189,Hong Kong Macau cultural exchange was a trip that tested Macau national security law who's purpose was to fulfil Article 23 of the Macau Basic Law.,Hong Kong Macau cultural exchange,SUPPORTED,2,5a7cbfa7554299683c1c6362
e8926558-5056-464e-a897-0e0bc2c2a459,Hong Kong Macau cultural student exchange was a trip that tested Macau national security law who's purpose was to fulfil Article 23 of the Macau Basic Law for national safety.,Hong Kong Macau cultural exchange,NOT_SUPPORTED,2,5a7cbfa7554299683c1c6362
4e77cf49-b178-4b11-9166-96bd90457c9b,"Heinrick Palmgren hosts a show called Red Ice Radio, which has featured David Of me, who was born in the year 1952.",Henrik Palmgren,SUPPORTED,2,5adce28f5542990d50227d52
983de3bc-1532-4582-9a26-883f5d3e1642,"Heinrick Palmgren hosts a conspiracy theory show called Red Ice Radio, which has featured David Of me, who was born in the year 1952.",Henrik Palmgren,NOT_SUPPORTED,2,5adce28f5542990d50227d52
199d37e2-871a-409d-8980-2c49fe302d29,Grigoryevich was the middle name of the pianist who first performed Prokofiev's Piano Sonata No. 8.,Piano Sonata No. 8 (Prokofiev),SUPPORTED,2,5adc54e255429947ff17392a
2ce7eda8-467a-4849-b79b-35c35b1fe82c,Grigoryevich was the middle name of the award winning pianist who first performed Prokofiev's Piano Sonata No. 8 in 1859.,Piano Sonata No. 8 (Prokofiev),NOT_SUPPORTED,2,5adc54e255429947ff17392a
c18bcd62-fd0f-48af-966b-a268a967fc75,Heart on My Sleeve is a song first recorded by Australian singer Michael Johns.,Heart on My Sleeve,SUPPORTED,2,5ae73ae45542991e8301cc08
9bc9d85f-af70-4ef1-8c51-1955537e3482,Heart on My Sleeve is a song first released by Australian singer Michael Johns.,Heart on My Sleeve,SUPPORTED,2,5ae73ae45542991e8301cc08
6b5715de-8c5d-4e71-8649-5bb6579f2046,Heart on My Sleeve is a song first released by Australian singer Michael Johns in 1982.,Heart on My Sleeve,NOT_SUPPORTED,2,5ae73ae45542991e8301cc08
281125c3-c724-44a7-a182-a126e0463d07,"The three best sellers from Arthur Hailey that were released after Donna Tartt was born are ""Hotel"" (1965), ""Airport"" (1968), ""Wheels"" (1971).",Arthur Hailey,NOT_SUPPORTED,2,5a79e3925542994bb9457130
f4f6c42a-62ba-4cae-8d4c-3c5eb40c2ec7,"The three best sellers from Arthur Hailey that were released before Donna Tartt was born are ""Hotel"" (1965), ""Airport"" (1968), ""Wheels"" (1971).",Arthur Hailey,SUPPORTED,2,5a79e3925542994bb9457130
34421305-ab2d-446f-a4a1-141f2f25c2d3,The films Restrepo and Hoop Dreams are both documentaries.,Restrepo (film),SUPPORTED,2,5a80b4635542992bc0c4a7bd
dc26b665-bb74-47b9-b265-67e0ccbc3f28,"Republican Chairman Gregg Harper was born June 1, 1956.",Charlie Ross (state senator),SUPPORTED,2,5a75e814554299109176e5c7
056988f3-6c17-4424-816b-c3d326009e91,One of the hosts of Newsday from Washington was born on the 14 November 1964.,Newsday (TV programme),SUPPORTED,2,5adc855b554299438c868dd5
26bf49b3-87a0-4f5d-b312-9d8784563a57,One of the hosts of weekend evening show Newsday from Washington was born on the 14 November 1964.,Newsday (TV programme),NOT_SUPPORTED,2,5adc855b554299438c868dd5
7518e924-2077-4737-85aa-e3388519fadf,"U.S. Route 95 (US 95) is a major four-lane U.S. highway traversing the U.S. state of Nevada from north to south traveling through Reno, Nevada.",U.S. Route 95 in Nevada,NOT_SUPPORTED,2,5adfe45b554299603e4183b8
b4c74633-2fc5-4870-8ede-4b3c600eec7c,"U.S. Route 95 (US 95) is a major U.S. highway traversing the U.S. state of Nevada from north to south traveling through Reno, Nevada.",U.S. Route 95 in Nevada,SUPPORTED,2,5adfe45b554299603e4183b8
2c92d22f-f6eb-45a3-8413-8c1f64a52d63,"The garden city movement is a method of urban planning in which self-contained communities are surrounded by ""greenbelts"", containing proportionate areas of residences, industry, and agriculture, the idea was initiated in 1898 by Sir Ebenezer Howard, (29 January 1850 – 1 May 1928), the English founder of the garden city movement, is known for his erotica publication, in the year 1898.",Garden city movement,NOT_SUPPORTED,2,5a90780755429916514e74cf
2d9e0ab5-3653-4eb7-8097-9efeec9d2e9e,"The garden city movement is a method of urban planning in which self-contained communities are surrounded by ""greenbelts"", containing proportionate areas of residences, industry, and agriculture, the idea was initiated in 1898 by Sir Ebenezer Howard, (29 January 1850 – 1 May 1928), the English founder of the garden city movement, is known for his publication, in the year 1898.",Garden city movement,SUPPORTED,2,5a90780755429916514e74cf
2e18ea41-7286-48f4-85cb-57b3d3bbf450,"Fiske O'Hara was born in the city Rockland of Knox County, Maine, that had a population of 2,297 as of the 2010 census.",Fiske O'Hara,SUPPORTED,2,5ae5c8cf554299546bf82f5f
cb46af49-df7d-431f-aaf2-4102b745882c,"The 2001 comedy film Sugar & Spice, directed by Francine McDougall, the director of ""Go Figure"" (2005), follows a group of high school cheerleaders who commit an armed robbery and are sentenced to death for their crimes.",Francine McDougall,NOT_SUPPORTED,2,5ac4bec65542996feb3fe938
d24f090c-0c01-4998-b2d2-00abec5c66ed,"The 2001 comedy film Sugar & Spice, directed by Francine McDougall, the director of ""Go Figure"" (2005), follows a group of high school cheerleaders who commit an armed robbery.",Francine McDougall,SUPPORTED,2,5ac4bec65542996feb3fe938
b31266b4-9d95-447d-a94b-52066b0f0a27,The former Los Angeles Lakers majority owner Gerald Hatten Buss is the father of Jeanie Marie Buss.,Jeanie Buss,SUPPORTED,2,5ae00b9f554299025d62a3c3
ba06af1f-e75c-4f92-be41-6d31d146cc8d,The former Los Angeles Lakers majority owner Vlade Divac is the father of Jeanie Marie Buss.,Jeanie Buss,NOT_SUPPORTED,2,5ae00b9f554299025d62a3c3
80c12525-7b1d-4567-9f88-07076edfef72,The General Survey Act was passed shortly after the Supreme Court decision that discussed interstate commerce.,General Survey Act,SUPPORTED,2,5abb07ec5542996cc5e49f55
9628c594-4716-4549-9ad7-6cb2f08c4dbf,"The singer of the song Love Crime is English, born in Barnsley.",Love Crime (song),NOT_SUPPORTED,2,5abe6ecc55429965af743eff
86c12539-3372-47cb-82b4-b23747dd7824,The singer of the song Love Crime is English.,Love Crime (song),SUPPORTED,2,5abe6ecc55429965af743eff
ae8a62b5-5aa1-4079-8046-93d9ea0187c8,Katie Cassidy plays the fictional character Ruby in Supernatural.,Ruby (Supernatural),SUPPORTED,2,5a7d08ee554299683c1c6413
ef4a9004-afee-4ce3-af8a-ab89751f69f1,My First Mister co-stars an actor who was best known for his role as the character John Dehner on the TV series Roseanne.,My First Mister,NOT_SUPPORTED,2,5a7a3dbb5542996a35c17157
98255227-c28f-4a0c-a2b3-57800630ec24,My First Mister co-stars an actor who was best known for his role as the character Dan Conner on the TV series Roseanne.,My First Mister,SUPPORTED,2,5a7a3dbb5542996a35c17157
7af9650e-ea49-43b0-b1c4-4cb348bcd079,"The metafamily of graphical operating systems developed, marketed, and sold by Microsoft offers software for singing training.",Winsingad,SUPPORTED,2,5ae28d06554299495565dab1
f3d4b437-9a00-499f-9e60-6c6bd0bee5cf,"The metafamily of graphical operating systems developed, marketed, and sold by Microsoft offers software for operatic singing training.",Winsingad,NOT_SUPPORTED,2,5ae28d06554299495565dab1
199c38b2-d1ac-45c3-94bd-6220da7eb1a8,"The author of ""We Were Soldiers Once… And Young"" received the Distinguished Coast Guard military decoration for valor.",We Were Soldiers,NOT_SUPPORTED,2,5a905cea55429933b8a204f4
5215adc9-069b-4843-b3e2-ed5887ef9f39,"The author of ""We Were Soldiers Once… And Young"" received the Distinguished Service Cross military decoration for valor.",We Were Soldiers,SUPPORTED,2,5a905cea55429933b8a204f4
10147c91-ec03-4562-bcfe-94243d92d693,Rob VanAlkemade was born in Bergen County.,Rob VanAlkemade,SUPPORTED,2,5ab343c1554299753aec5967
2923f540-f0b6-4358-ac16-557a8299f97f,Greek Fire originated in a more southern location than Billy Corgan's band The Smashing Pumpkins.,Billy Corgan,SUPPORTED,2,5ae4d0ff55429913cc204511
f5ef687f-8fcc-42a8-b49a-79d9bf58b1d7,The writer and director of the film The Tree of Life is American.,The Tree of Life (film),SUPPORTED,2,5adfc8c255429906c02daa3e
94c5b814-4c74-43e5-85ff-dd5ace73dab8,"Marvel Classics Comics specialized in adaptations of literary classics, such as a novel by American writer Herman Melville, that was published in 1851.",Marvel Classics Comics,SUPPORTED,2,5ade811e5542992fa25da7a0
cef8bde7-03a9-4954-82e1-b208fe89e2ef,"Marvel Classics Comics specialized in adaptations of literary classics, such as a novel by American writer Herman Melville, that was published in Canada in 1851.",Marvel Classics Comics,NOT_SUPPORTED,2,5ade811e5542992fa25da7a0
30bf2088-383e-49ba-9347-4d3750a48cd2,The production company that is co-owned by Kevin Loader and Rodger Michell and produced My Cousin Rachel is Free Range Films.,Kevin Loader,SUPPORTED,2,5ae73d235542991e8301cc29
763ae7c9-923c-434b-8691-79ad575fe883,The publisher Marvel produced the comic books featuring both Spider-Man and the Daredevils.,The Daredevils,SUPPORTED,2,5adf04915542995534e8c72f
394484a8-42b4-4745-bcae-fe197707f7d5,"The comedian who hosted the 25th TCA Awards was born on February 25, 1975.",25th TCA Awards,SUPPORTED,2,5ab6d4175542995eadef00ad
0c1594bd-f092-4fec-b033-72b0a351327b,"The voice actress in the animated film Alpha and Omega voiced the character  Kairi in the video game series ""Kingdom Hearts"".",Alpha and Omega (film series),SUPPORTED,2,5ab209ec554299722f9b4ca2
7ea85e80-1eea-4dc0-9cf7-567372918cff,"Brigadier Stanley James Ledger Hill was attached to the command post of senior British Army officer Lord Gort born on July 10, 1886.",James Hill (British Army officer),SUPPORTED,2,5ab9ddaa5542994dbf019873
e1c7ea15-c555-4a31-b18d-21f5a1daa825,Shengzhou has more former names than Linchuan District.,Shengzhou,SUPPORTED,2,5ac1089f554299012d1db688
ba1467f9-0e1f-4994-a0f1-877c3c434704,Douglas county in Minnesota holds a 202 lb slab of greywacke covered in runes.,"Kensington, Minnesota",SUPPORTED,2,5adfda5255429942ec259b5e
188e6624-cd5b-4c7f-a10e-21079004a7bd,The Blueprint is the name of the album by Jay-Z that was released in 2001 and is ranked by Rolling Stone among the 500 greatest albums of all time.,Jay-Z,SUPPORTED,2,5ab2b224554299295394681a
b649e192-ab2f-43d6-9f6f-30fa678cdc19,The city that Saint Paul School of Theology and United Methodist Church of the Resurrection have in common is Kansas.,Saint Paul School of Theology,SUPPORTED,2,5ab677e2554299110f219a13
6466373d-4d96-49e6-9942-c16ed8529cce,"Human Error"" is the season finale of the third season of a tv show that aired on the Fox network.",Human Error (House),SUPPORTED,2,5adc1309554299438c868d3b
36454597-7106-40db-a7b2-c223a149f8bf,Ballota and Myosotis are not both evergreens.,Ballota,SUPPORTED,2,5addf3d65542990dbb2f7f0e
c32592cd-1941-41bd-a29a-550b688fca0e,The Kansas–Nebraska Act created the terrirtories of Kansas and Nebraska and was combated by the Republican Party.,History of the United States Republican Party,SUPPORTED,2,5ab5dc44554299494045f089
deb42a8f-411d-4d5e-ae9e-1a6991e7910a,Ghettopoly was released before Kolejka.,Kolejka (game),SUPPORTED,2,5a888abc5542997e5c09a604
ed2eb723-ca88-4bc2-b6a5-fb61323df841,In the year 2016 the team that Jonathan Spector joined in 2006 moved to its new home.,Jonathan Spector,SUPPORTED,2,5ab96191554299743d22eb29
3ba067f8-9587-4396-9b5c-47a6d548a809,"The New York and New Jersey campaign was a series of battles during the Revolutionary War for control of New York City and the state of New Jersey, fought on October 28, 1776 near White Plains, New York.",Battle of White Plains,SUPPORTED,2,5a75e67d5542992db9473709
d0984d3e-5a22-41ba-b5fc-37d9a9fb11aa,Shirley Collado is the president of the college located in New York state.,Shirley Collado,SUPPORTED,2,5a8fb9155542997ba9cb3303
a0afdf36-2012-4775-9c1e-87ec234932bd,Shirley Collado is the president of the Queens college located in New York state.,Shirley Collado,NOT_SUPPORTED,2,5a8fb9155542997ba9cb3303
28f35393-e1dc-4faa-9032-e73504fc91bb,Michael Akerfeldt and Lee Ranaldo were guitarists in their respective bands.,Mikael Åkerfeldt,SUPPORTED,2,5a77dbaf5542997042120b5b
d98c9921-abaf-442f-b34f-807ac0866f7a,Don Henley and Morrissey are both singers and songwriters.,Don Henley,SUPPORTED,2,5a8a59d75542995153361377
5f629882-b179-4e9f-9871-dfb5d8c03bb2,The star of Into The Homeland played Lamar Wyatt on the TV show Nashville.,Into the Homeland,SUPPORTED,2,5a78f35455429970f5fffded
3fbe2201-94a7-45aa-a944-010193725703,Boy Hits Car has more studio albums than The Invisible.,Boy Hits Car,SUPPORTED,2,5a8763d55542996e4f3087c3
d5d127f2-63ee-41d7-852f-e6cffc52a37f,"Rex Salas is an American record producer who worked with an American singer and actress who has been described as embodying female autonomy in a male-dominated industry, and is sometimes referred to as Goddess of Pop.",Rex Salas,SUPPORTED,2,5a8ee02955429917b4a5bdfa
70e42d1c-6bf9-41c9-ba84-a19d98f9ceca,Toshi and Warrel Dane are not both in the band Sanctuary.,Toshi (musician),SUPPORTED,2,5ab5dcb95542992aa134a3b3
32268139-944a-4c15-aceb-c32f0a1e2469,"Origin of werewolf legends, Count Dracula, was portrayed by Bela Lugosi.",Dracula (1931 English-language film),SUPPORTED,2,5a74cfb155429929fddd84f1
94ab25a5-56ed-49b9-9344-cc51fe9962a8,The Voyage is a wooden roller coaster located at a theme park divided into four sections.,The Voyage (roller coaster),SUPPORTED,2,5addc2b75542997dc7907017
1145a884-1a2a-430f-8abd-3b1d39bde457,"John Constantine is the fictional antihero from comic books published by DC Comics, who sometimes acts as a cab operator, and was created by Alan Moore, Steve Bissette, and John Totleben.",Chas Chandler (comics),NOT_SUPPORTED,2,5ae2239e5542996483e64900
f88266dc-413c-42e2-8ced-783dbb6d2bca,"John Constantine is the fictional antihero from comic books published by DC Comics, who sometimes acts as a cab driver, and was created by Don Simpson, Steve Bissette, and John Totleben.",Chas Chandler (comics),NOT_SUPPORTED,2,5ae2239e5542996483e64900
2ded084d-7363-4774-b3de-b93ccb6dc721,"John Constantine is the fictional antihero from comic books published by DC Comics, who sometimes acts as a cab driver, and was created by Alan Moore, Stephen Bissette, and John Totleben.",Chas Chandler (comics),NOT_SUPPORTED,2,5ae2239e5542996483e64900
7cf3dc2e-a39a-462c-a5cd-ce9b762ea1d3,"John Constantine is the fictional antihero from comic books published by DC Comics, who sometimes acts as a cab driver, and was created by Alan Moore, Steve Bissette, and John Totleben.",Chas Chandler (comics),SUPPORTED,2,5ae2239e5542996483e64900
7e3703f4-a2ba-4541-8928-caa3f31ccb72,The song Highwayman  written by Jimmy Webb inspired the name of a supergroup including Johnny Cash.,The Highwaymen (country supergroup),SUPPORTED,2,5ae834e95542997ec272776a
c43698d6-fb96-423c-b942-09507d97f8cb,Paul Day was not in more bands than the number of teams Marcus Cooper played for.,Paul Day (musician),SUPPORTED,2,5a87590f5542996e4f308791
bbbf2a01-3d4e-4844-8a69-36107b012880,Bostonian Chris Anderson founded both the Sapling Foundation and Future Publishing.,Sapling Foundation,NOT_SUPPORTED,2,5ae2af525542992decbdcd6e
1cc66a0b-ddfc-4956-8923-7a4bc85cc8b4,Chris Anderson founded both the Sapling Foundation and Future Publishing.,Sapling Foundation,SUPPORTED,2,5ae2af525542992decbdcd6e
c9483b8f-7248-4eb2-a38c-2e096583ab62,"Francis Leighton was warden of All Souls College, University of Oxford, England.",Francis Leighton,SUPPORTED,2,5a7c703055429935c91b51aa
7cd90401-9181-4b90-89f6-bd2f677f8a5c,"Abbottsburg was named for Joseph Carter Abbott, president of the Cape Fear Building Company and veteran of the American Civil War.","Abbottsburg, North Carolina",SUPPORTED,2,5a8aee7755429950cd6afc04
a071b66d-93af-4658-bfbb-249abcce9c84,"The Spice Girls were an English pop girl group formed in the summer of 1994, the group originally consisted of Geri Halliwell (""Ginger Spice""), Geraldine Estelle ""Geri"" Horner is an English pop singer-songwriter, clothes designer, author and actress, born 6 August 1972.",Spice Girls,NOT_SUPPORTED,2,5a7cce1455429907fabef03b
7c6c81ea-b407-4c42-ae91-defd07c4ebe4,"The Spice Girls were an English pop girl group formed in 1994, the group originally consisted of Geri Halliwell (""Ginger Spice""), Geraldine Estelle ""Geri"" Horner is an English pop singer-songwriter, clothes designer, author and actress, born 6 August 1972.",Spice Girls,SUPPORTED,2,5a7cce1455429907fabef03b
4bf795b6-3331-403a-a3d0-9d08d15c8447,Quietdrive and Supergrass are both rock bands.,Supergrass,SUPPORTED,2,5ab451f85542991779162c6c
75d588ff-e34c-4214-9647-b73f2d3cf643,"Robert Smigel, Michael Koman and David Feldman created the show that featured Triumph the Insult Comic Dog.",Triumph the Insult Comic Dog,SUPPORTED,2,5ae0d5335542990adbacf674
0f54d7bd-ee3e-4a29-ada7-280ede293f40,"Robert Smigel, Clark Gable and David Feldman created the show that featured Triumph the Insult Comic Dog.",Triumph the Insult Comic Dog,NOT_SUPPORTED,2,5ae0d5335542990adbacf674
9be48b81-91ac-4f0c-b195-443f2e1fc55f,"The political party, which along with the Socialist Workers Movement are the chief contributors to the United Left in Argentina, was founded in argentina.",United Left (Argentina),SUPPORTED,2,5ab4154b55429969a97a8237
6c40aaf3-5176-4a7c-8c21-7b6c84a38174,"The right-wing political party, which along with the Socialist Workers Movement are the chief contributors to the United Left in Argentina, was founded in 1918.",United Left (Argentina),NOT_SUPPORTED,2,5ab4154b55429969a97a8237
06010337-18af-41d1-8e4b-aa0415ae9b7a,"The political party, which along with the Socialist Workers Movement are the chief contributors to the United Left in Argentina, was founded in 1918.",United Left (Argentina),SUPPORTED,2,5ab4154b55429969a97a8237